online_order,proportion
No,60.810810810810814
Yes,39.189189189189186
